root,definition
['ἀγ/'],"['ἄγω', 'ἄξω', 'ἤγαγον', 'ἦχα', 'ἦγμαι', 'ἤχθην']"
"['ἀν/', 'αγ/']",['ἀπαγ']
"['εἰσ/', 'αγ/']","['ἐσαγ', 'περιαγ', 'προαγ']"
['ἀγ/'],"['ἄγνυμι', 'ἄξω', 'ἔαξα', 'ἔαγαἔηγα', 'ἔαγμαι', 'ἐάγην']"
['ἀγγελ/'],"['ἄγγελλω', 'ἀγγελέω', 'ἤγγειλα', 'ἤγγελκα', 'ἤγγελμαι', 'ἠγγέλθην']"
['ἄγγελο/'],"['ἄγγελος', 'ἀγγέλου']"
['ἄγγεσ/'],"['ἄγγος', 'ἄγγεοςἄγγους']"
['ἀγγήιο/'],['ἄγγεσ']
['ἀγερ/'],"['ἀγείρω', 'ἀγερέω', 'ἤγειρα', 'ἠγέρθην']"
['ἀγορά/'],"['ἀγορήἀγορά', 'ἀγορῆςἀγορᾶς']"
"['κατ/', 'ηγορε/']","['κατηγορεω', 'κατηγορησω', 'κατηγορησα', 'κατηγορηκα', 'κατηγορημαι', 'κατηγορηθην']"
['ἀγρό/'],"['ἀγρός', 'ἀγροῦ']"
['ἀγών/'],"['ἀγών', 'ἀγῶνος']"
['ἀγωνιδ/'],"['ἀγωνίζομαι', 'ἀγωνίσομαιἀγωνιέομαι', 'ἠγωνισάμην', 'ἠγώνισμαι', 'ἠγωνίσθην']"
"['ἁδ/', 'σϝαδ/']","['ἥδομαι', 'ἡσθήσομαι', 'ἡσάμην', 'ἥσθην']"
['ἄσμενο/'],"['ἄσμενος', 'ἀσμένη', 'ἄσμενον']"
['ἡδονά/'],"['ἡδονή', 'ἡδονῆς']"
['ἀδελφεό/'],"['ἀδελφεός', 'ἀδελφεοῦ']"
['ἀδελφό/'],"['ἀδελφός', 'ἀδελφοῦ']"
"['ἄεθλο/', 'ἆθλο/']","['ἄεθλονἆθλον', 'ἀέθλουἄθλου']"
"['ἀεθλε/', 'ἀθλε/']","['ἀθλέω', 'ἤθλησα', 'ἤθληκα', 'ἤθλημαι']"
"['ἀερ/', 'ἀρ/']","['ἀείρωαἴρω', 'ἀρέω', 'ἤειραἦρα', 'ἦρκα', 'ἤερμαιἦρμαι', 'ἠέρθηνἤρθην']"
['Ἀίδα/'],"['ἈίδηςἍιδης', 'Ἀίδαο', 'ἈίδεωἍιδου']"
['αἰδός/'],"['αἰδώς', 'αἰδόοςαἰδοῦς']"
['αἰδε/'],"['αἰδέομαι', 'αἰδέσομαι', 'ἤδεσμαι', 'ᾐδέσθην']"
['ἀναιδεία/'],"['ἀναιδείηἀναιδεία', 'ἀναιδείηςἀναιδείας']"
['αἰνε/'],"['αἰνέω', 'αἰνέσω', 'ᾔνεσα', 'ᾔνεκα', 'ᾔνημαι', 'ᾐνέθην']"
['αἱρε/'],"['αἱρέω', 'αἱρήσω', 'εἷλον', 'ᾕρηκα', 'ᾕρημαι', 'ᾑρέθην']"
['ἐξαίρεσι/'],"['ἐξαίρεσις', 'ἐξαιρέσεως']"
['ἐξαιρετό/'],"['ἐξαιρετός', 'ἐξαιρετή', 'ἐξαιρετόν']"
['αἰσθ/'],"['αισθάνομαι', 'αισθήσομαι', 'ἠσθόμην', 'ἤσθημαι']"
['αἰσχ/'],"['αἰσχυνω', 'αἰσχυνέω', 'ἤσχυνα', 'ἤσχυμμαι', 'ἠισχύθην']"
['αἰσχυνα/'],"['αἰσχύνη', 'αἰσχύνης']"
['αἰτία/'],"['αἰτίηαἰτία', 'αἰτίηςαἰτίας']"
['ἀκολουθε/'],"['ἀκολουθέω', 'ἀκολουθήσω', 'ἠκολούθησα']"
"['ἀκου/', 'ἀκοϝ/']","['ἀκούω', 'ἀκούσομαι', 'ἤκουσα', 'ἀκήκοα', 'ἠκούσθην']"
['ἀκοά/'],"['ἀκοή', 'ἀκοῆς']"
['ἀκριβέσ/'],"['ἀκριβής', 'ἀκριβές']"
['ἄκρο/'],"['ἄκρον', 'ἄκρου']"
['ἄκρα/'],"['ἄκρηἄκρα', 'ἄκρηςἄκρας']"
"['ἁλ/', 'ἁλο/']","['αλίσκομαι', 'αλώσομαι', 'εάλων', 'εάλωκα']"
['ἀλεξ/'],"['ἀλέξω', 'ἀλέξω', 'ἤλεξα']"
"['ἀλειφ/', 'ἀλιφ/']","['ἀλείφω', 'ἀλείψω', 'ἤλειψα', 'ἀλήλιφα', 'ἀλήλιμμαι', 'ἠλείφθην']"
['ἁλεσ/'],"['ἁλής', 'ἁλές']"
['ἁλιδ/'],"['ἁλίζω', 'ἁλίξομαι', 'ἥλισα', 'ἅλισμαι', 'ἡλίσθην']"
['ἄλλο/'],"['ἄλλος', 'ἄλλη', 'ἄλλο']"
"['ἀπ/', 'αλλαγ/']","['ἀπαλλάσσωἀπαλλάττω', 'ἀπαλλάξω', 'ἀπήλλαξα', 'ἀπήλλαχα', 'ἀπάλλαγμαιἀπήλλαγμαι', 'ἀπηλλάχθηνἀπηλλάγην']"
['ἀπαλλαγά/'],"['ἀπαλλαγή', 'ἀπαλλαγής']"
['ἀλλήλο/'],"['ἀλλήλων', 'ἀλλήλων', 'ἀλλήλων']"
['ἀλλοίο/'],"['ἀλλοῖος', 'ἀλλοίηἀλλοία', 'ἀλλοῖον']"
['ἀλλοιότερο/'],"['ἀλλοιότερος', 'ἀλλοιότερα', 'ἀλλοιότερον']"
['ἀλλότριο/'],"['ἀλλότριος', 'ἀλλοτρίηἀλλοτρία', 'ἀλλότριον']"
['ἁμαρτα/'],"['αμαρτάνω', 'αμαρτήσομαι', 'ἡμαρτον', 'ημάρτηκα', 'ημάρτημαι', 'ημαρτήθην']"
"['ἐξ/', 'ἁμαρτα/']",['ἁμάρτηματ']
['ἀμειβ/'],"['ἀμείβω', 'ἀμείψω', 'ἤμειψα', 'ἠμείφθην']"
['ἄμεινον/'],"['ἀμείνων', 'ἄμεινον']"
['ἀμυν/'],"['ἀμύνω', 'ἀμυνέω', 'ἤμυνα']"
['ἀμφισβητε/'],"['ἀμφισβητέω', 'ἀμφισβητήσω', 'ἠμφεσβήτησα']"
['ἀμφότερο/'],"['ἀμφότερος', 'ἀμφοτέρηἀμφότερα', 'ἀμφότερον']"
['ἀναγκαδ/'],"['ἀναγκάζω', 'ἀναγκάσω', 'ἠνάγκασα', 'ἠνάγκακα', 'ἠνάγκασμαι', 'ἠναγκάσθην']"
['ἀναισιμο/'],"['ἀναισιμόω', 'ἀναισίμωσα', 'ἀνῃσίμωκα', 'ἀνῃσίμωμαι', 'ἀναισιμώθην']"
['ἀνέρ/'],"['ἀνήρ', 'ἀνδρός']"
['ἀνδριάντ/'],"['ἀνδριάς', 'ἀνδριάντος']"
['ἄνεμο/'],"['ἄνεμος', 'ἀνέμου']"
['νηνεμία/'],"['νηνεμίηνηνεμία', 'νηνεμίηςνηνεμίας']"
['ἄνθρωπο/'],"['ἄνθρωπος', 'ἀνθρώπου']"
['ἀνόσιο/'],"['ἀνόσιος', 'ἀνόσιον']"
['ἀντίο/'],"['ἀντίος', 'ἀντίηἀντία', 'ἀντίον']"
['ἄξιο/'],"['ἄξιος', 'ἀξίηἀξία', 'ἄξιον']"
['ἀξιο/'],"['ἀξιόω', 'ἀξιώσω', 'ἠξίωσα', 'ἠξίωκα', 'ἠξίωμαι', 'ἠξιώθην']"
['ἀπειλε/'],"['ἀπειλέω', 'ἀπειλέω', 'ἠπείλησα', 'ἀπείλημαι', 'ἠπειλήθην']"
['ἄργυρο/'],"['ἄργυρος', 'ἀργόρου']"
['ἀργύριο/'],"['ἀργύριον', 'ἀργυρίου']"
['ἀρε/'],"['αρέσκω', 'αρέσω', 'ἠρεσα', 'ηρέσθην']"
['ἀρετά/'],"['ἀρετή', 'ἀρετῆς']"
['ἀριθμό/'],"['ἀριθμός', 'ἀριθμοῦ']"
['ἀναρίθμητο/'],"['ἀναρίθμητος', 'ἀναρίθμητον']"
['ἄριστο/'],"['ἄριστος', 'ἀρίστη', 'ἄριστον']"
['ἀριστευ/'],['ἀριστεύω']
['ἀριστοποιε/'],['ἀριστοποιέω']
['ἀρκε/'],"['αρκέω', 'αρκέσω', 'ἠρκεσα']"
['ἁρμοδ/'],"['ἁρμόζωἁρμόττω', 'ἁρμόσω', 'ἥρμοσα', 'ἥρμοκα', 'ἥρμοσμαι', 'ἡρμόσθην']"
['ἁρπαγ/'],"['ἁρπάζω', 'ἁρπάσομαι', 'ἥρπασα', 'ἥρπακα', 'ἥρπασμαι', 'ἡρπάσθην']"
['ἀρχ/'],"['ἄρχω', 'ἄρξω', 'ἦρξα', 'ἦρχα', 'ἦργμαι', 'ἄρχθην']"
['ἀρχά/'],"['ἀρχή', 'ἀρχῆς']"
['ἀρχηγετε/'],['ἀρχηγετέω']
['μοναρχε/'],"['μοναρχέω', 'μοναρχήσω']"
['πολέμαρχο/'],"['πολέμαρχος', 'πολεμάρχου']"
['ἀσεβε/'],"['ἀσεβής', 'ἀσεβές']"
['ἀσινέσ/'],"['ἀσινής', 'ἀσινές']"
['ἀσκό/'],"['ἀσκός', 'ἀσκοῦ']"
['ἀσφαλέσ/'],"['ἀσφαλής', 'ἀσφαλές']"
['ἀσφάλεια/'],"['ἀσφαλείηἀσφάλεια', 'ἀσφαλείηςἀσφαλείας']"
['ἀτε/'],['ἀτέω']
['ἀτρεκέσ/'],"['ἀτρεκής', 'ἀτρεκές']"
['αὐλά/'],"['αὐλή', 'αὐλῆς']"
['αὔλειο/'],"['αὔλειος', 'αὔλεια', 'αὔλειον']"
"['μέτ/', 'αυλο/']","['μέταυλος', 'μέταυλον']"
['αὐλών/'],"['αὐλών', 'αὐλῶνος']"
['ἑαυτό/'],['ἑωυτό']
['ἑωυτό/'],"['ἑωυτοῦἑαυτοῦ', 'αὑτοῦ', 'ἑωυτῆςἑαυτῆς', 'αὑτῆς', 'ἑωυτοῦἑαυτοῦ', 'αὑτοῦ']"
['αυχέν/'],"['αὐχήν', 'αὐχένος']"
['ἁφ/'],"['ἅπτω', 'ἅψω', 'ἧψα', 'ἧμμαι', 'ἥφθην']"
['ἁφά/'],"['ἁφή', 'ἁφῆς']"
['ἄφθονο/'],"['ἄφθονος', 'ἄφθονον']"
['βα/'],"['βαίνω', 'βήσομαι', 'ἔβην', 'βέβηκα', 'βέβαμαι', 'ἐβάθην']"
['ἀναβαθμό/'],"['ἀναβαθμός', 'ἀναβαθμοῦ']"
['βαδιδ/'],"['βαδίζω', 'βαδίσομαιβαδιέομαι', 'ἐβάδισα', 'βεβάδικα']"
['βάσι/'],"['βάσις', 'βάσιοςβάσεως']"
['εὐβάστακτο/'],"['εὐβάστακτος', 'εὐβάστακτον']"
['βαλ/'],"['βαλλω', 'βαλεω', 'ἐβαλον', 'βεβληκα', 'βεβλημαι', 'εβληθην']"
"['προσ/', 'βαλ/']",['συνβαλ']
['ἀντιβολε/'],"['ἀντιβολέω', 'ἀντιβολήσω', 'ἠντεβόλησα']"
['ἐσβολά/'],"['ἐσβολή', 'ἐσβολῆς']"
['προσβολά/'],"['προσβολή', 'προσβολῆς']"
['συμβολά/'],"['συμβολή', 'συμβολῆς']"
['βάρβαρο/'],"['βάρβαρος', 'βαρβάρου']"
['βασανιδ/'],"['βασανίζω', 'βασανίσωβασανιέω', 'ἐβασάνισα', 'βεβασάνισμαι', 'ἐβασανίσθην']"
['βασιλεϝ/'],"['βασιλεύς', 'βασιλέοςβασιλέως']"
['βασιλευ/'],"['βασιλεύω', 'βασιλεύσω', 'εβασιλευσα']"
['βασιλήια/'],"['βασιληίηβασιλεία', 'βασιληίηςβασιλείας']"
['βασιλήϊο/'],"['βασιλήϊοςβασίλειος', 'βασιληΐηβασιλεία', 'βασιλήϊονβασίλειον']"
['βέλτιον/'],"['βελτίων', 'βέλτιον']"
['βέλτιστο/'],"['βέλτιστος', 'βελτίστη', 'βέλτιστον']"
['βία/'],"['βίηβία', 'βίηςβίας']"
['βιαδ/'],"['βιάζω', 'βιάσομαι', 'ἐβίασα', 'βεβίασμαι', 'ἐβιάσθην']"
['βίο/'],"['βίος', 'βίου']"
['βλάβα/'],"['βλάβη', 'βλάβης']"
['βοα/'],"['βοάω', 'βοήσομαι', 'ἐβόησα', 'βεβόηκα', 'βεβόημαι', 'ἐβώσθην']"
['βοά/'],"['βοή', 'βοῆς']"
['βοηθε/'],"['βοηθεω', 'βοηθησω', 'εβοηθησα', 'βεβοηθηκα', 'βεβοηθημαι']"
['βορέα/'],"['βορέηςβορέας', 'βορέωβορέου']"
['βουλ/'],"['βούλομαι', 'βουλήσομαι', 'βεβούλημαι', 'ἐβουλήθην']"
['βουλά/'],"['βουλή', 'βουλῆς']"
['βουλευ/'],"['βουλεύω', 'βουλεύσω', 'ἐβούλευσα', 'βεβούλευκα', 'βεβούλευμαι', 'ἐβουλεύθην']"
['ἀβουλία/'],"['ἀβουλίηἀβουλία', 'ἀβουλίηςἀβουλίας']"
['βραχύ/'],"['βραχύς', 'βραχεῖα', 'βραχύ']"
['βωμίδ/'],"['βωμίς', 'βωμίδος']"
['γᾶ/'],"['γῆ', 'γῆς']"
['ἐπίγαιο/'],"['ἐπίγαιος', 'ἐπίγαιον']"
['γαμετά/'],"['γαμετή', 'γαμετῆς']"
['γείτον/'],"['γείτων', 'γείτονος']"
['γελα/'],"['γελάω', 'γελάσομαι', 'εγαλασα', 'εγελάσθην']"
['γελοίο/'],"['γελοῖος', 'γελοίηγελοία', 'γελοῖον']"
['γέλωτ/'],"['γέλως', 'γέλωτος']"
['γενέθλα/'],"['γενέθλη', 'γενέθλης']"
['γένεσ/'],"['γένος', 'γένεοςγένους']"
['γλυφ/'],"['γλύφω', 'γλύψω', 'ἔγλυψα', 'γέγλυμμαι']"
['γνο/'],"['γιγνώσκω', 'γνώσομαι', 'ἐγνων', 'ἐγνωκα', 'ἐγνωσμαι', 'εγνώσθην']"
['γνώμα/'],"['γνώμη', 'γνώμης']"
['γνωριδ/'],"['γνωρίζω', 'γνωρίσωγνωριέω', 'ἐγνώρισα', 'ἐγνώρικα']"
['γόνατ/'],"['γόνυ', 'γόνατος']"
['γράμματ/'],"['γράμμα', 'γράμματος']"
['γραφά/'],"['γραφή', 'γραφῆς']"
['γυμνό/'],"['γυμνός', 'γυμνή', 'γυμνόν']"
['γυμναδ/'],"['γυμνάζω', 'γυμνάσω', 'ἐγύμνασα', 'γεγύμνακα', 'γεγύμνασμαι', 'ἐγυμνάσθην']"
['γυναίκ/'],"['γυνή', 'γυναῖκος']"
['δαΐδ/'],"['δαΐς', 'δαΐδος']"
['δαίμον/'],"['δαίμων', 'δαίμωνος']"
['εὐδαιμονία/'],"['εὐδαιμονίηεὐδαιμονία', 'εὐδαιμονίηςεὐδαιμονίας']"
['δάμαρτ/'],"['δάμαρ', 'δάμαρτος']"
['δαπανα/'],"['δαπανάομαι', 'δαπανηθήσομαι', 'ἐδαπανησάμην', 'δεδαπάνημαι', 'ἐδαπανήθην']"
['δαψιλέσ/'],"['δαψιλής', 'δαψιλές']"
['δε/'],"['δέω', 'δήσω', 'ἔδησα', 'δέδηκα', 'δέδεμαι', 'ἐδέθην']"
['δεε/'],"['δέω', 'δεήσω', 'ἐδέησα', 'δεδέηκα', 'δεδέημαι', 'ἐδεήθην']"
['καταδεέσ/'],"['καταδεής', 'καταδεές']"
"['δϝει/', 'δϝι/']","['δείδω', 'δείσομαι', 'ἔδεισα', 'δέδοικα']"
['ἄδεια/'],"['ἀδείηἀδεία', 'ἀδείηςἀδείας']"
['δεινό/'],"['δεινός', 'δεινή', 'δεινόν']"
['δείπνο/'],"['δεῖπνον', 'δείπνου']"
['δειπνε/'],"['δειπνέω', 'δειπνήσω', 'ἐδείπνησα', 'δεδείπνηκα']"
['δεικ/'],"['δεικνυμι', 'δειξω', 'ἐδειξα', 'δεδειχα', 'δεδειγμαι', 'εδειχθην']"
['δεμ/'],"['δέμω', 'ἔδειμα', 'δέδμημαι']"
['δόμο/'],"['δόμος', 'δόμου']"
['οἰκοδόμο/'],"['οἰκοδόμος', 'οἰκοδόμου']"
['δωμάτιο/'],"['δωμάτιον', 'δωματίου']"
['δεχ/'],"['δέχομαι', 'δέξομαι', 'ἐδεξάμην', 'δέδεγμαι']"
['δήλο/'],"['δῆλος', 'δήλη', 'δῆλον']"
['δηλο/'],"['δηλοω', 'δηλωσω', 'εδηλωσα', 'δεδηλωκα', 'δεδηλωμαι', 'εδηλωθην']"
['ἄδηλο/'],"['ἄδηλος', 'ἄδηλον']"
['δήμο/'],"['δῆμος', 'δήμου']"
"['ἐπι/', 'δημε/']","['ἐπιδημέω', 'ἐπιδημήσω', 'ἐπεδήμησα']"
['διαιτα/'],"['διαιτάω', 'διαιτήσω', 'διῄτησα', 'δεδιῄτηκα', 'δεδιῄτημαι', 'διῃτήθην']"
['διακονε/'],"['διακονέω', 'διακονήσω', 'δεδιακόνηκα', 'δεδιακόνημαι', 'ἐδιακονήθην']"
['διασφάγ/'],"['διασφάξ', 'διασφάγος']"
['δίκα/'],"['δίκη', 'δίκης']"
['ἀδικε/'],"['αδικεω', 'αδικησω', 'ηδικησα', 'ηδικηκα', 'ηδικημαι', 'ηδικηθην']"
['ἀδίκηματ/'],"['ἀδίκημα', 'ἀδικήματος']"
['δίκαιο/'],"['δίκαιος', 'δικαία', 'δίκαιον']"
['δικαδ/'],"['δικαζω', 'δικασω', 'εδικασα', 'δεδικακα', 'δεδικασμαι', 'εδικασθην']"
['δο/'],"['δίδωμι', 'δώσω', 'ἔδωκα', 'δέδωκα', 'δέδομαι', 'ἐδόθην']"
['δωρε/'],"['δωρέω', 'δωρήσω', 'ἐδώρησα', 'δεδώρημαι', 'ἐδωρήθην']"
['δώρο/'],"['δῶρον', 'δώρου']"
['ἄδοξο/'],"['ἄδοξος', 'ἄδοξον']"
['ἀπροσδόκητο/'],"['ἀπροσδόκητος', 'ἀπροσδόκητον']"
['ἔνδοξο/'],"['ἔνδοξος', 'ἔνδοξον']"
['δόρατ/'],"['δόρυ', 'δόρατος']"
['δούλο/'],"['δοῦλος', 'δούλου']"
['δρα/'],"['δράω', 'δράσω', 'ἔδρασα', 'δέδρακα', 'δέδραμαι', 'ἐδράσθην']"
"['ἀπο/', 'δρα/']","['ἀποδιδρήσκωἀποδιδράσκω', 'ἀποδρήσομαιἀποδράσομαι', 'ἀπέδρηνἀπέδραν', 'ἀποδέδρακα']"
['δραμ/'],"['τρέχω', 'δραμέομαι', 'ἔδραμον', 'δέδρομα', 'δεδράμημαι']"
['πρόδρομο/'],"['πρόδρομος', 'πρόδρομον']"
['δυ/'],"['δύω', 'δύσω', 'ἔδυσα', 'ἔδυν', 'δέδυκα', 'δέδυμαι', 'ἐδύθην']"
['δυσμά/'],"['δυσμή', 'δυσμῆς']"
['ἔκδυσι/'],"['ἔκδυσις', 'ἐκδύσιοςἐκδύσεως']"
['δυνα/'],"['δύναμαι', 'δυνήσομαι', 'δεδύνημαι', 'ἐδυνήθην']"
['δύναμι/'],"['δύναμις', 'δυνάμιοςδυνάμεως']"
['δεύτερο/'],"['δεύτερος', 'δευτέρηδευτέρα', 'δεύτερον']"
['διπλόο/'],"['διπλόοςδιπλοῦς', 'διπλόηδιπλῆ', 'διπλόονδιπλοῦν']"
['δυσκολαν/'],"['δυσκολαίνω', 'δυσκολανέω']"
"['ἑ/', 'ε/']","['ἵημι', 'ἥσω', 'ἧκα', 'εἷκα', 'εἷμαι', 'εἵθην']"
"['ἐα/', 'εα/']","['ἐάω', 'ἐάσω', 'εἴασα', 'εἴακα', 'εἴαμαι', 'εἰάθην']"
['ἐγγυα/'],"['ἐγγυάω', 'ἐγγυήσομαι', 'ἐγγύησα', 'ἠγγύηκα', 'ἠγγύημαι', 'ἠγγυήθην']"
['ἐγερ/'],"['ἐγείρω', 'ἐγερέω', 'ἤγειρα', 'ἠγρόμην', 'ἐγρήγορα', 'ἐγήγερμαι', 'ἠγέρθην']"
['ἕδρα/'],"['ἕδρηἕδρα', 'ἕδρηςἕδρας']"
"['ἐν/', 'ἑδρευ/']","['ἐνεδρεύω', 'ἐνεδρεύσω', 'ἐνέδρευσα', 'ἐνήδρευμαι', 'ἐνηδρεύθην']"
['ἐθελ/'],"['εθελω', 'εθελησω', 'ηθελησα', 'ηθεληκα']"
['ἐθελοντά/'],"['ἐθελοντής', 'ἐθελοντοῦ']"
['ἔθνεσ/'],"['ἔθνος', 'ἔθνεοςἔθνους']"
['εἰθιδ/'],"['ἐθίζω', 'ἐθιέω', 'εἴθισα', 'εἴθικα', 'εἴθισμαι', 'εἰθίσθην']"
['εἰργ/'],"['εἴργω', 'εἴρξω', 'εἶρξα', 'εἶργμαι', 'εἴρχθην']"
['ἕκαστο/'],"['ἕκαστος', 'ἑκάστη', 'ἕκαστον']"
['ἐκείνο/'],"['ἐκεῖνος', 'ἐκείνη', 'ἐκεῖνο']"
['ἕκοντ/'],"['ἕκων', 'ἕκον']"
['ἀέκοντ/'],"['ἀέκωνἄκων', 'ἀέκονἄκον']"
['ἑλ/'],['αἱρε']
['ἐλα/'],"['ἐλαύνω', 'ἐλάω', 'ἤλασα', 'ἐλήλακα', 'ἐλήλαμαι', 'ἠλάθην']"
['ἐλαχύ/'],"['ἐλαχύς', 'ἐλάχεια', 'ἐλαχύ']"
['ἐλᾶσσον/'],"['ἐλάσσωνἐλάττων', 'ἐλᾶσσονἐλᾶττον']"
['ἐλάχιστο/'],"['ἐλάχιστος', 'ἐλαχίστη', 'ἐλάχιστον']"
['ἐλεύθερο/'],"['ἐλεύθερος', 'ἐλευθέρηἐλευθέρα', 'ἐλεύθερον']"
['ἐλευθερία/'],"['ἐλευθερίηἐλευθερία', 'ἐλευθερίηςἐλευθερίας']"
['ἐλθ/'],"['ἔρχομαι', 'εἶμι', 'ἐλεύσομαι', 'εἶμι', 'ἦλθον', 'ἐλήλυθα']"
['ἑλκ/'],"['ἕλκω', 'ἕλξω', 'εἵλκυσα', 'εἵλκυκα', 'εἵλκυσμαι', 'εἱλκύσθην']"
['ἐλπιδ/'],"['ελπιζω', 'ἐλπίσωελπιεω', 'ἠλπισα', 'ἤλπισμαι', 'ηλπισθην']"
['ἕν/'],"['εἵς', 'μία', 'ἕν']"
['μηδέν/'],"['μηδείς', 'μηδεμία', 'μηδέν']"
['οὐδέν/'],"['οὐδείς', 'οὐδεμία', 'οὐδέν']"
"['ἐνεγκ/', 'ἐνεκ/']",['φερ']
['ἐνεικ/'],['φερ']
"['ἐξ/', 'ενεικ/']",['εἵνεκα']
['ἔνιο/'],"['ἔνιοι', 'ἔνιαι', 'ἔνια']"
['ἑξακόσιο/'],"['ἑξακόσιοι', 'ἑξακόσιαι', 'ἑξακόσια']"
['ἑξάμετρο/'],"['ἑξάμετρος', 'ἑξάμετρον']"
['ἔξαρνο/'],"['ἔξαρνος', 'ἔξαρνον']"
['ϝεπ/'],['λεγ']
['ἔπεσ/'],"['ἔπος', 'ἔπεοςἔπους']"
"['ἑπ/', 'σεπ/']","['ἕπομαι', 'ἕψομαι', 'ἐσπόμην']"
['ἐπιτηδευ/'],"['ἐπιτηδεύω', 'ἐπιτηδεύσω', 'ἐπετήδευσα', 'ἐπιτετήδευκα', 'ἐπιτετήδευμαι', 'ἐπετηδεύθην']"
['ἐπιτήδειο/'],"['ἐπιτήδεοςἐπιτήδειος', 'ἐπιτηδέηἐπιτήδεια', 'ἐπιτήδεονἐπιτήδειον']"
['ἐποτρυν/'],['ἐποτρύνω']
['ἐρωτα/'],"['ἐρωτάω', 'ἐρωτήσω', 'ἠρώτησα', 'ἠρώτηκα', 'ἠρώτημαι', 'ἠρωτήθην']"
['ῥήματ/'],"['ῥῆμα', 'ῥήματος']"
['ϝέργο/'],"['ἔργον', 'ἔργου']"
['ἐργαδ/'],"['εργαζομαι', 'εργασομαι', 'ηργασαμην', 'εἰργασμαι', 'ηργασθην']"
['ὀργά/'],"['ὀργή', 'ὀργῆς']"
['ἐρδ/'],"['ἔρδω', 'ἔρξω', 'ἦρξα', 'ἔοργα']"
['ἔρημο/'],"['ἔρημος', 'ἐρήμη', 'ἔρημον']"
['ἐροκυδέσ/'],"['ἐροκυδής', 'ἐροκυδές']"
['ἑρμηνέϝ/'],"['ἑρμηνεύς', 'ἑρμηνέοςἑρμηνέως']"
['ϝερυ/'],"['ἐρύω', 'εἰρύω', 'ἐρύω', 'εἴρυσα', 'εἴρυμαι', 'εἴρυσμαι', 'εἰρύσθην']"
['ἔρυματ/'],"['ἔρυμα', 'ἐρύματος']"
['ἐρχ/'],"['ἐρχομαι', 'εἰμι', 'ελευσομαι', 'ἠλθον', 'εληλυθα']"
['ἐσ/'],"['εἰμι', 'ἔσομαι']"
['ἑσπέρα/'],"['ἑσπέρηἑσπέρα', 'ἑσπέρηςἑσπέρας']"
['ἕτερο/'],"['ἕτερος', 'ἑτέρηἑτέρα', 'ἕτερον']"
['ἑτεροιο/'],['ἑτεροιόω']
['μετεξέτερο/'],"['μετεξέτεροι', 'μετεξέτεραι', 'μετεξέτερα']"
['ἔτεσ/'],"['ἔτος', 'ἔτεοςἔτους']"
['ἕτοιμο/'],"['ἕτοιμος', 'ἕτοιμον']"
['εὐθέσ/'],"['ἰθήςεὐθής', 'ἰθέςεὐθές']"
['εὐθηνε/'],['εὐθηνέω']
['εὐπρεπέσ/'],"['εὐπρεπής', 'εὐπρεπές']"
['εὑρ/'],"['εὑρίσκω', 'εὑρήσω', 'ηὗρον', 'εὗρον', 'ηὕρηκα', 'εὕρηκα', 'ηὕρημαι', 'εὕρημαι', 'ηὑρέθην', 'εὑρέθην']"
['εὔρεσ/'],"['εὖρος', 'εὔρεοςεὔρους']"
['εὐρύ/'],"['εὐρύς', 'εὐρέαεὐρεῖα', 'εὐρύ']"
['εὐρύχορο/'],"['εὐρύχορος', 'εὐρύχορον']"
['ἔφορο/'],"['ἔφορος', 'ἐφόρου']"
"['ἐχ/', 'σεχ/']","['ἐχω', 'ἑξω', 'σχησω', 'ἐσχον', 'ἐσχηκα', 'ἔσχημαι', 'εσχεθην']"
"['ἐπ/', 'ισχ/']","['ἐπισχω', 'ἐπισχήσω', 'ἐπέσχον', 'ἐπέσχηκα']"
"['ὑπ/', 'ισχ/']","['ὑπισχνέομαι', 'ὑποσχήσομαι', 'ὑπεσχόμην', 'ὑπέσχημαι']"
['ἰσχυρό/'],"['ἰσχυρός', 'ἰσχυρήἰσχυρά', 'ἰσχυρόν']"
['ἐχθρό/'],"['ἐχθρός', 'ἐχθρήἐχθρά', 'ἐχθρόν']"
['ἔχθρα/'],"['ἔχθρηἔχθρα', 'ἔχθρηςἔχθρας']"
['ζα/'],"['ζάω', 'ζήσω']"
['ζώιο/'],"['ζῷον', 'ζῴου']"
['ζωό/'],"['ζωός', 'ζωή', 'ζωόν']"
['ζημία/'],"['ζημίηζημία', 'ζημίηςζημίας']"
['ζημιο/'],"['ζημιόω', 'ζημιώσω', 'ἐζημίωσα', 'ἐζημίωκα', 'ἐζημίωμαι', 'ἐζημιώθην']"
['ζητε/'],"['ζητέω', 'ζητήσω', 'ἐζήτησα', 'ἐζήτηκα', 'ἐζήτημαι', 'ἐζητήθην']"
['ἡγε/'],"['ἡγέομαι', 'ἡγήσομαι', 'ἡγησάμην', 'ἥγημαι', 'ἡγήθην']"
['ἡγεμόν/'],"['ἡγεμών', 'ἡγεμόνος']"
['ἠίθεο/'],"['ἠίθεος', 'ἠιθέου']"
['ἡκ/'],"['ἡκω', 'ἡξω']"
['ἥκιστο/'],"['ἥκιστος', 'ἡκίστη', 'ἥκιστον']"
['ἠλίθιο/'],"['ἠλίθιος', 'ἠλιθία', 'ἠλίθιον']"
['ἡλικία/'],"['ἡλικίηἡλικία', 'ἡλικίηςἡλικίας']"
['ἥλιο/'],"['ἥλιος', 'ἡλίου']"
['ἡμέρα/'],"['ἡμέρηἡμέρα', 'ἡμέρηςἡμέρας']"
['αὐτημερό/'],"['αὐτημερόςαὐθημερός', 'αὐτημερόναὐθημερόν']"
['ἥμισυ/'],"['ἥμισυς', 'ἡμίσεια', 'ἥμισυ']"
['ἠό/'],"['ἠώςἔως', 'ἠοῦςἔως']"
['ἥσσον/'],"['ἥσσωνἥττων', 'ἧσσονἧττον']"
['ἑσσο/'],"['ἑσσόομαι', 'ἕσσωμαι', 'ἑσσώθην']"
['ἡσυχία/'],"['ἡσυχίηἡσυχία', 'ἡσυχίηςἡσυχίας']"
['θάλασσα/'],"['θάλασσαθάλαττα', 'θαλάσσηςθαλάττης']"
['θαλάσσιο/'],"['θαλάσσιοςθαλάττιος', 'θαλασσίηθαλαττία', 'θαλάσσιονθαλάττιον']"
['θαν/'],"['θνήσκω', 'θανεομαι', 'ἔθανον', 'τέθνηκα']"
['ἀθάνατο/'],"['ἀθάνατος', 'ἀθάνατον']"
['θάνατο/'],"['θάνατος', 'θανάτου']"
['θαύματ/'],['θώματ']
['θε/'],"['τίθημι', 'θήσω', 'ἔθηκα', 'τέθηκα', 'τέθειμαι', 'ἐτέθην']"
['ἔσθητ/'],"['ἐσθής', 'ἐσθῆτος']"
['θήκα/'],"['θήκη', 'θήκης']"
['νομοθέτα/'],"['νομοθέτης', 'νομοθέτου']"
['θεα/'],"['θεάομαι', 'θεάσομαι', 'ἐθεασάμην', 'τεθέαμαι']"
['θεά/'],"['θεήθεά', 'θεῆςθεᾶς']"
['θεό/'],"['θεός', 'θεοῦ']"
['θεομαχε/'],"['θεομαχέω', 'θεομαχήσω']"
['θεραπευ/'],"['θεραπεύω', 'θεραπεύσω', 'ἐθεράπευσα', 'τεθεράπευμαι', 'ἐθεραπεύθην']"
['θεράποντ/'],"['θεράπων', 'θεράποντος']"
['θέρεσ/'],"['θέρος', 'θέρεοςθέρους']"
['θηλαδ/'],"['θηλάζω', 'θηλάσω', 'ἐθήλαξα', 'τεθήλακα', 'ἐθηλάσθην']"
['θησαυρό/'],"['θησαυρός', 'θησαυροῦ']"
['θησαυριδ/'],"['θησαυρίζω', 'θησαυρίσω', 'ἐθησαύρισα', 'τεθησαύρικα', 'τεθησαύρισμαι', 'ἐθησαυρίσθην']"
['θρόνο/'],"['θρόνος', 'θρόνου']"
['θυ/'],"['θύω', 'θύσω', 'ἔθυσα', 'τέθυκα', 'τέθυμαι', 'ἐτύθην']"
['ἀπρόθυμο/'],"['ἀπρόθυμος', 'ἀπρόθυμον']"
['ἐπιθυμία/'],"['ἐπιθυμίηἐπιθυμία', 'ἐπιθυμίηςἐπιθυμίας']"
"['ἐν/', 'θυμε/']","['ἐνθυμέω', 'ἐνθυμήσω', 'ἐνεθύμησα', 'ἐντεθύμηκα']"
['θυμό/'],"['θυμός', 'θυμοῦ']"
['θυμο/'],"['θυμόω', 'θυμώσομαι', 'ἐθυμωσάμην', 'τεθύμωμαι', 'ἐθυμώθην']"
['θυγάτερ/'],"['θυγάτηρ', 'θυγατρός']"
['θύρα/'],"['θύρηθύρα', 'θύρηςθύρας']"
['θυσία/'],"['θώματ', 'θαύματ']"
['θωματ/'],"['θωμαζωθαυμαζω', 'θωμασομαιθαυμασομαι', 'εθώμασαεθαυμασα', 'τεθώμακατεθαυμακα', 'τεθώμασμαιτεθαυμασμαι', 'εθωμασθηνεθαυμασθην']"
"['ἰ/', 'ῑ/']",['εἶμι']
"['συν/', 'ιδ/']","['ἱδ', 'σιδ', 'κατά']"
"['κατ/', 'ἱδ/']","['κατίζωκαθίζω', 'κατίσωκαθιέω', 'κάτισαἐκάθισα']"
['ἴδιο/'],"['ἴδιος', 'ἰδίηἰδία', 'ἴδιον']"
['ἱερό/'],['ἱρό']
['ἱερέϝ/'],['ἱρέϝ']
['ἰθέσ/'],['εὐθέσ']
['ἱκ/'],"['ἱκνέομαι', 'ἱξομαι', 'ἱκόμην', 'ἷγμαι']"
['ἱκετευ/'],"['ἱκετεύω', 'ἱκετεύσω', 'ἱκέτευσα']"
['ἱμάτιο/'],"['ἱμάτιον', 'ἱματίου']"
['ἵππο/'],"['ἵππος', 'ἵππου']"
['ἱππέϝ/'],"['ἱππεύς', 'ἱππέοςἱππέως']"
['ἱρό/'],"['ἱρόςἱερός', 'ἱράἱερά', 'ἱρόνἱερόν']"
['ἱρέϝ/'],"['ἱρεύςἱερεύς', 'ἱρήοςἱερέως']"
['ἰσθμό/'],"['ἰσθμός', 'ἰσθμοῦ']"
['ἴσο/'],"['ἴσος', 'ἴση', 'ἴσον']"
['καθευδ/'],"['κατεύδωκαθεύδω', 'κατευδήσωκαθευδήσω']"
['κακό/'],"['κακός', 'κακή', 'κακόν']"
['κακότητ/'],"['κακότης', 'κακότητος']"
['καλε/'],"['καλεω', 'καλεω', 'εκαλεσα', 'κεκληκα', 'κεκλημαι', 'εκληθην']"
['κλέεσ/'],['κλέος']
['καλό/'],"['καλός', 'καλή', 'καλόν']"
['κάλλιον/'],"['καλλίων', 'κάλλιον']"
['κάλλιστο/'],"['κάλλιστος', 'καλλίστη', 'κάλλιστον']"
['καπηλείο/'],"['καπηλεῖον', 'καπηλείου']"
['καταρρωδε/'],['καταρρωδέωκατορρωδέω']
['κει/'],"['κεῖμαι', 'κείσομαι']"
"['κατα/', 'κοιμα/']","['κατακοιμάω', 'κατακοιμήσω', 'κατεκοίμησα', 'κατακεκοίμημαι', 'κατεκοιμήθην']"
['κελευ/'],"['κελεύω', 'κελεύσω', 'ἐκέλευσα', 'κεκέλευκα', 'κεκέλευμαι', 'ἐκελεύθην']"
['κεραϊδ/'],"['κεραΐζω', 'κεραΐξω', 'ἐκεράϊσα']"
['κέρδεσ/'],"['κέρδος', 'κέρδεοςκέρδους']"
['κεφαλά/'],"['κεφαλή', 'κεφαλῆς']"
['κηδ/'],"['κήδω', 'κηδήσω', 'ἐκήδησα', 'κέκηδα']"
['κήρ/'],"['κῆρ', 'κηρός']"
['κήρυκ/'],"['κῆρυξ', 'κήρυκος']"
"['ἐπι/', 'κηρυκ/']","['ἐπικηρύσσωἐπικηρύττω', 'ἐπικηρύξω', 'ἐπεκήρυξα', 'ἐπικεκήρυχα', 'ἐπικεκήρυγμαι', 'ἐπεκηρύχθην']"
['κινδυνευ/'],"['κινδυνεύω', 'κινδυνεύσω', 'ἐκινδύνευσα', 'κεκινδύνευκα', 'κεκινδύνευμαι', 'ἐκινδυνεύθην']"
['κίνδυνο/'],"['κίνδυνος', 'κινδύνου']"
['κλαϝ/'],"['κλάω', 'κλαίω', 'κλαήσω', 'κλαιήσω', 'ἔκλαυσα', 'κέκλαυσμαι', 'κέκλαυμαι']"
['κλεπ/'],"['κλεπτω', 'κλεψω', 'ἐκλεψα', 'κεκλοφα', 'κεκλεμμαι', 'εκλαπην']"
['κλεπτά/'],"['κλεπτής', 'κλεπτοῦ']"
['κληϊ/'],"['κληΐωκλείω', 'κληΐσωκλείσω', 'ἐκλήϊσαἔκλεισα', 'κεκλήϊκακέκλεικα', 'κεκήϊμαικέκλειμαι', 'ἐκληΐσθηνἐκλείσθην']"
['κλείδ/'],"['κλείς', 'κλεῖδος']"
['κλῖμακ/'],"['κλῖμαξ', 'κλίμακος']"
['κλίνα/'],"['κλίνη', 'κλίνης']"
['κολωνό/'],"['κολωνός', 'κολωνοῦ']"
['κόμα/'],"['κόμη', 'κόμης']"
['κομιδ/'],"['κομιζω', 'κομίσωκομιεω', 'εκομισα', 'κεκομικα', 'κεκομισμαι', 'εκομισθην']"
['κοπ/'],"['κοπτω', 'κοψω', 'ἐκοψα', 'κεκοφα', 'κεκομμαι', 'ἐκοπην']"
['κόρυμβο/'],"['κόρυμβος', 'κορύμβου']"
['κόσμο/'],"['κόσμος', 'κόσμου']"
['ἄκοσμο/'],"['ἄκοσμος', 'ἄκοσμον']"
['κοσμε/'],"['κοσμέω', 'κοσμήσω', 'ἐκόσμησα', 'κεκόσμηκα', 'κεκόσμημαι', 'ἐκοσμήθην']"
['κόσμιο/'],"['κόσμιος', 'κοσμίηκοσμία', 'κόσμιον']"
['κρατε/'],"['κρατεω', 'κρατησω', 'εκρατησα', 'κεκρατηκα', 'κεκρατημαι', 'εκρατηθην']"
['κρείσσον/'],"['κρείσσωνκρείττων', 'κρεῖσσονκρεῖττον']"
['κρεμα/'],"['κρεμάννυμι', 'κρεμέω', 'κρεμάσω', 'ἐκρέμασα', 'κεκρέμακα', 'κεκρέμαμαι', 'ἐκρεμάσθην']"
['κρόμμυο/'],"['κρόμμυον', 'κρομμύου']"
['κρόσσα/'],"['κρόσσαι', 'κρόσσων']"
['κρυβ/'],"['κρυπτω', 'κρυψω', 'ἐκρυψα', 'κεκρυμμαι', 'εκρυφθην']"
['κτεν/'],"['κτείνω', 'κτενέω', 'ἔκτεινα', 'ἔκτονα']"
['κτενιδ/'],"['κτενίζω', 'ἐκτένισα', 'ἐκτένισμαι', 'ἐκτενίσθην']"
['κτήνεσ/'],"['κτῆνος', 'κτήνεοςκτήνους']"
['κυβευ/'],"['κυβεύω', 'κυβεύσω', 'ἐκύβευσα', 'κεκύβευκα']"
['κυρε/'],"['κυρέω', 'κύρσω', 'ἔκυρσα']"
['κύριο/'],"['κύριος', 'κυρίηκυρία', 'κύριον']"
['κώλο/'],"['κῶλον', 'κώλου']"
['κωλυ/'],"['κωλύω', 'κωλύσω', 'ἐκώλυσα', 'κεκώλυκα', 'κεκώλυμαι', 'ἐκωλύθην']"
['λαβ/'],"['λαμβανω', 'ληψομαι', 'ἐλαβον', 'εἰληφα', 'εἰλημμαι', 'εληφθην']"
['λαθ/'],"['λανθανω', 'λησω', 'ἐλαθον', 'λεληθα', 'λελησμαι']"
['ἀληθέσ/'],"['ἀληθής', 'ἀληθές']"
['ἀλήθεια/'],"['ἀληθείηἀλήθεια', 'ἀληθείηςἀληθείας']"
['λαό/'],"['λαός', 'ληόςλεώς', 'λαοῦ']"
['λαχ/'],"['λαγχάνω', 'λήξομαι', 'ἔλαχον', 'εἴληχα', 'εἴληγμαι', 'ἐλήχθην']"
['λεγ/'],"['λέγω', 'λέξω', 'ἐρέω', 'ἔλεξα', 'εἶπον', 'εἴρηκα', 'λέλεγμαι', 'εἴρημαι', 'ἐλέχθην', 'ἐρρήθην']"
['ἀλογία/'],"['ἀλογίηἀλογία', 'ἀλογίηςἀλογίας']"
['λογιδ/'],"['λογίζομαι', 'λογίσομαιλογιέομαι', 'ἐλογισάμην', 'λελόγισμαι']"
['ὁμολογε/'],"['ὁμολογέω', 'ὁμολογήσω', 'ὡμολόγησα', 'ὡμολόγηκα', 'ὡμολόγημαι', 'ὡμολογήθην']"
['λεγ/'],"['λέγω', 'λέξω', 'ἔλεξα', 'εἴλοχα', 'εἴλεγμαι', 'λέλεγμαι', 'ἔλεγην', 'ἐλέχθην']"
['λέοντ/'],"['λέων', 'λέοντος']"
['ληγ/'],"['λήγω', 'λήξω', 'ἔληξα']"
['λίθο/'],"['λίθος', 'λίθου']"
['λίθινο/'],"['λίθινος', 'λιθίνη', 'λίθινον']"
['λιθοτομία/'],"['λιθοτομίηλιθοτομία', 'λιθοτομίηςλιθοτομίας']"
['λιπ/'],"['λείπω', 'λείψω', 'ἔλιπον', 'λέλοιπα', 'λέλειμμαι', 'ἐλείφθην']"
['ἐπίλοιπο/'],"['ἐπίλοιπος', 'ἐπίλοιπον']"
['λοιπό/'],"['λοιπός', 'λοιπή', 'λοιπόν']"
['λοιδορε/'],"['λοιδορέω', 'λοιδορήσω', 'ἐλοιδόρησα', 'λελοιδόρηκα', 'ἐλοιδορήθην']"
['λοιδορία/'],"['λοιδορία', 'λοιδορίας']"
['λου/'],"['λούω', 'λούσομαι', 'ἔλουσα', 'λέλουκα', 'λέλουμαι', 'ἐλούθην']"
['λόφο/'],"['λόφος', 'λόφου']"
['λυ/'],"['λύω', 'λύσω', 'ἔλυσα', 'λέλυκα', 'λέλυμαι', 'ἐλύθην']"
['λῦκο/'],"['λῦκος', 'λύκου']"
['λύμα/'],"['λύμη', 'λύμης']"
['λυπε/'],"['λυπέω', 'λυπήσω', 'ἐλύπησα', 'λελύπηκα', 'ἐλυπήθην']"
['λύχνο/'],"['λύχνος', 'λύχνου']"
['μαθ/'],"['μανθανω', 'μαθησομαι', 'ἐμαθον', 'μεμαθηκα']"
['μακρό/'],"['μακρός', 'μακρήμακρά', 'μακρόν']"
['μακρά/'],"['μακρήμακρά', 'μακρῆςμακρᾶς']"
['μάντι/'],"['μάντις', 'μάντιοςμάντεως']"
['μάρτυρ/'],"['μάρτυς', 'μάρτυρος']"
['μαρτύριο/'],"['μαρτύριον', 'μαρτυρίου']"
['μάστιγ/'],"['μάστιξ', 'μάστιγος']"
['μαστιγο/'],"['μαστιγόω', 'μαστιγώσω', 'ἐμαστίγωσα', 'μεμαστίγωκα', 'μεμαστίγωμαι', 'ἐμαστιγώθην']"
['μαχ/'],"['μάχομαι', 'μαχέομαι', 'εμαχεσάμην', 'μεμάχημαι']"
['μάχα/'],"['μάχη', 'μάχης']"
['μαχητά/'],"['μαχητής', 'μαχητοῦ']"
['μάχαιρα/'],"['μάχαιρα', 'μαχαίρηςμαχαίρας']"
['ἐμαυτό/'],"['ἐμαυτοῦ', 'ἐμαυτῆς']"
['μέγαν/'],"['μέγας', 'μεγάλη', 'μέγα']"
['μέγαθεσ/'],"['μέγαθος', 'μεγάθεος']"
['μεγάλο/'],"['μεγάλος', 'μεγάλη', 'μεγάλον']"
['μέγιστο/'],"['μέγιστος', 'μεγίστη', 'μέγιστον']"
['μείζον/'],"['μείζων', 'μεῖζον']"
['μεθυ/'],"['μεθύω', 'μεθύσκω', 'ἐμέθυσα', 'ἐμεθύσθην']"
['μελ/'],"['μελω', 'μελησω', 'εμελησα', 'μεμεληκα']"
['μελλ/'],"['μελλω', 'μελλησω', 'εμελλησα']"
['μεν/'],"['μενω', 'μενεω', 'ἐμεινα', 'μεμενηκα']"
['μένεσ/'],"['μένος', 'μένεοςμένους']"
['μέρεσ/'],"['μέρος', 'μέρεοςμέρους']"
['μέσο/'],"['μέσος', 'μέση', 'μέσον']"
['μεστό/'],"['μεστός', 'μεστή', 'μεστόν']"
['μέτρο/'],"['μέτρον', 'μέτρου']"
['μετρε/'],"['μετρέω', 'μετρήσω', 'ἐμέτρησα', 'μεμέτρημαι', 'ἐμετρήθην']"
['μηδέν/'],"['μηδείς', 'μηδεμίημηδεμία', 'μηδέν']"
['μηδιδ/'],"['μηδίζω', 'ἐμήδισα']"
['μήκεσ/'],"['μῆκος', 'μήκεοςμήκους']"
['μήν/'],"['μήν', 'μείς', 'μηνός']"
['τρίμηνο/'],"['τρίμηνος', 'τρίμηνον']"
['μηνυ/'],"['μηνύω', 'μηνύσω', 'ἐμήνυσα', 'μεμήνυκα', 'μεμήνυμαι', 'ἐμηνύθην']"
['μήτερ/'],"['μήτηρ', 'μητρός']"
['μηχανά/'],"['μηχανή', 'μηχανῆς']"
['μηχανα/'],"['μηχανάομαι', 'μηχανήσομαι', 'ἐμηχανησάμην', 'μεμηχάνημαι']"
['μία/'],"['μία', 'μίηςμίας']"
['ουδεμία/'],"['οὐ', 'δὲ', 'μία']"
['μιγ/'],"['μίγνυμι', 'μείγνυμι', 'μείξω', 'ἔμειξα', 'μεμείγμαι', 'ἐμείχθην']"
['μικρό/'],"['μικρός', 'μικρήμικρά', 'μικρόν']"
['μῖσεσ/'],"['μῖσος', 'μίσεοςμίσεως']"
['μισε/'],"['μισέω', 'μισήσομαι', 'ἐμίσησα', 'μεμίσηκα', 'μεμίσημαι', 'ἐμισήθην']"
['μίτρα/'],"['μίτρημίτρα', 'μίτρηςμίτρας']"
['μνα/'],"['μιμνήσκω', 'μνήσω', 'ἔμνησα', 'μέμνημαι', 'ἐμνήσθην']"
['μνημήϊο/'],"['μνημήϊονμνημεῖον', 'μνημηΐουμνημείου']"
['μοίρα/'],"['μοῖρα', 'μοίρηςμοίρας']"
['μοιχό/'],"['μοιχός', 'μοιχοῦ']"
['μοιχεία/'],"['μοιχεία', 'μοιχείας']"
['μοιχευ/'],"['μοιχεύω', 'μοιχεύσω', 'ἐμοίχευσα', 'μεμοίχευκα', 'μεμοίχευμαι', 'ἐμοιχεύθην']"
['μολ/'],"['βλώσκω', 'μολέομαι', 'ἔμολον', 'μέμβλωκα']"
['αὐτόμολο/'],"['αὐτόμολος', 'αὐτόμολον']"
['μόνο/'],"['μοῦνοςμόνος', 'μούνημόνη', 'μοῦνονμόνον']"
['μουνογενέσ/'],"['μουνογενής', 'μουνογενές']"
['μούνο/'],['μόνο']
['μῦθο/'],"['μῦθος', 'μύθου']"
"['παρα/', 'μυθε/']","['παραμυθέομαι', 'παραμυθήσομαι', 'παρεμυθησάμην']"
['μυλών/'],"['μυλών', 'μυλῶνος']"
['μυριάδ/'],"['μυριάς', 'μυριάδος']"
['νείκεσ/'],"['νεῖκος', 'νείκεοςνείκους']"
['νεκρό/'],"['νεκρός', 'νεκροῦ']"
['νέκυ/'],"['νέκυς', 'νέκυος']"
['νεμ/'],"['νέμω', 'νεμέω', 'ἔνειμα', 'νενέμηκα', 'νενέμημαι', 'ἐνεμήθην']"
['εὐνομία/'],"['εὐνομίηεὐνομία', 'εὐνομίηςεὐνομίας']"
['νομιδ/'],"['νομιζω', 'νομίσωνομιεω', 'ενομισα', 'νενομικα', 'νενομισμαι', 'ενομισθην']"
['νόμο/'],"['νόμος', 'νόμου']"
['νέο/'],"['νέος', 'νέηνέα', 'νέον']"
['νεανίσκο/'],"['νεανίσκος', 'νεανίσκου']"
['νήσο/'],"['νῆσος', 'νήσου']"
['νικα/'],"['νικαω', 'νικήσω', 'ἐνίκησα', 'νενίκησα', 'νενίκημαι', 'ἐνικήθην']"
['νίκα/'],"['νίκη', 'νίκης']"
['νόο/'],"['νόοςνοῦς', 'νόουνοῦ']"
['νοε/'],"['νοέω', 'νοέομαι', 'ἔνωσαἐνόησα', 'νένωκανενόηκα', 'νένωμαινενόημαι', 'ἐνοήθην']"
['νοστε/'],"['νοστέω', 'νοστήσω', 'ἐνόστησα']"
['νότο/'],"['νότος', 'νότου']"
['νύκτ/'],"['νύξ', 'νυκτός']"
['νώτο/'],"['νῶτος', 'νώτου', 'νῶτον', 'νώτου']"
['ξε/'],"['ξέω', 'ἔξεσα', 'ἔξεσμαι']"
['ἀντιξόο/'],"['ἀντίξόοςἀντίξους', 'ἀντίξοονἀντίξουν']"
['ξεστό/'],"['ξεστός', 'ξεστή', 'ξεστόν']"
['ξένο/'],['ξείνο']
['ξείνο/'],"['ξεῖνοςξένος', 'ξείνηξένη', 'ξεῖνονξένον']"
['ξεινία/'],"['ξεινίηξενία', 'ξεινίηςξενίας']"
['ξίφεσ/'],"['ξίφος', 'ξίφεοςξίφους']"
['ξύλο/'],"['ξύλον', 'ξύλου']"
['ξυρε/'],"['ξυρέω', 'ξυρήσω', 'ἐξύρησα', 'ἐξύρηκα', 'ἐξύρημαι', 'ἐξυρήθην']"
"['ὁ/', 'τό/']",[]
"['ὁ/', 'τό/']","['ὅδε', 'ἥδε', 'τόδε']"
"['ὅ/', 'τό/']","['ὅς', 'ἥ', 'τόὅ']"
['ὁδό/'],"['ὁδός', 'ὁδοῦ']"
['πρόσοδο/'],['οἱ']
['οἰ/'],"['φερ', 'ἐνεκ']"
['οἰγ/'],"['οἴγω', 'οἴγνυμι', 'οἴξω', 'ἔῳξα', 'ἔῳχα', 'ἔῳγμαι', 'ἐῴχθην']"
['οἴκο/'],"['οἶκος', 'οἴκου']"
['οἰκε/'],"['οικεω', 'οικησω', 'ὤκησα', 'ὤκηκα', 'ὤκημαι', 'ὠκηθην']"
['οἰκείο/'],"['οἰκεῖος', 'οἰκείηοἰκεία', 'οἰκεῖον']"
['οἰκειότητ/'],"['οἰκειότης', 'οἰκειότητος']"
['οἴκηματ/'],"['οἴκημα', 'οἰκήματος']"
['οἰκήτορ/'],"['οἰκήτωρ', 'οἰκήτορος']"
['οἰκία/'],"['οἰκίηοἰκία', 'οἰκίηςοἰκίας']"
['οἰκιδ/'],"['οἰκίζω', 'οἰκίσωοἰκιέω', 'ᾤκισα', 'ᾤκικα', 'ᾤκισμαι', 'ᾠκίσθην']"
['οἰκίδιο/'],"['οἰκίδιον', 'οἰκιδίου']"
['οἰκοδομε/'],"['οἰκοδομέω', 'οἰκοδομήσω', 'ᾠκοδόμησα', 'ᾠκοδόμηκα', 'ᾠκοδόμημαι', 'ᾠκοδομήθην']"
['οἰκτιδ/'],"['οἰκτίζω', 'οἰκτιέω', 'ᾤκτισα']"
['ϝοίνο/'],"['οἶνος', 'οἴνου']"
['παροινία/'],"['παροινία', 'παροινίας']"
['οἰο/'],"['οἴομαι', 'οἶμαι', 'οἰήσομαι', 'ᾠήθην']"
['οἵο/'],"['οἷος', 'οἵηοἵα', 'ἷον']"
"['οἵο/', 'ἐσ/']","['ὁκοίο', 'ὁποίο']"
['τοιό/'],"['τοιόσδε', 'τοιήδε', 'τοιόνδε']"
['τοιούτο/'],"['τοιοῦτος', 'τοιαύτη', 'τοιοῦτο']"
['ὀΐστευματ/'],"['ὀΐστευμα', 'ὀϊστεύματος']"
['οἰχ/'],"['οἴχομαι', 'οἰχήσομαι', 'ᾤχωκα', 'ᾤχημαι']"
['ὀλ/'],"['ὄλλυμι', 'ὀλέω', 'ὤλεσα', 'ὄλωλα', 'ὀλώλεκα']"
['ὀλίγο/'],"['ὀλίγος', 'ὀλίγη', 'ὀλίγον']"
['ὅλο/'],"['ὅλος', 'ὅλη', 'ὅλον']"
['ὅμηρο/'],"['ὅμηρος', 'ὁμήρου']"
['ὅμο/'],"['ὅμος', 'ὅμη', 'ὅμον']"
['ὁμιλε/'],"['ὁμιλέω', 'ὁμιλήσω', 'ὡμίλησα']"
['ὅμιλο/'],"['ὅμιλος', 'ὁμίλου']"
['ὁμοίο/'],"['ὁμοῖος', 'ὁμοίηὁμοία', 'ὁμοῖον']"
['ὁμόφυλο/'],"['ὁμόφυλος', 'ὁμόφυλον']"
['ὄνειδεσ/'],"['ὄνειδος', 'ὀνείδεοςὀνείδους']"
['ὄνο/'],"['ὄνος', 'ὄνου']"
['ὄνοματ/'],"['οὔνομαὄνομα', 'οὐνόματοςὀνόματος']"
['ὀνομαστό/'],"['ὀνομαστός', 'ὀνομαστή', 'ὀνομαστόν']"
['ὀνοματ/'],"['ὀνομάζω', 'ὀνομάσω', 'ὠνόμασα', 'ὠνόμακα', 'ὠνόμασμαι', 'ὠνομάσθην']"
['μέτωπο/'],"['μέτωπον', 'μετώπου']"
['ὀφθαλμό/'],"['ὀφθαλμός', 'ὀφθαλμοῦ']"
['ὄψι/'],"['ὄψις', 'ὄψιοςὄψεως']"
['πρόσωπο/'],"['πρόσωπον', 'προσώπου']"
['ὑποπτευ/'],['ὑποπτεύω']
['ὑποψία/'],"['ὑποψίηὑποψία', 'ὑποψίηςὑποψίας']"
['ὅπλο/'],"['ὅπλον', 'ὅπλου']"
['ὁπλίτα/'],"['ὁπλίτης', 'ὁπλίτου']"
['ὁποδαπό/'],"['ὁποδαπός', 'ὁποδαπή', 'ὁποδαπόν']"
['ὁπότερο/'],['ὅκως']
['ὁρα/'],"['ὁράω', 'ὄψομαι', 'εἶδον', 'ἑόρακα', 'ἑώρακα', 'ἑώραμαι', 'ὦμμαι', 'ὤφθην']"
['ὀργιδ/'],"['ὀργίζω', 'ὀργιέομαι', 'ὤργισα', 'ὤργισμαι', 'ὠργίσθην']"
['ὄργυια/'],"['ὄργυια', 'ὀργυιῆςὀργυιᾶς']"
['ὄρεσ/'],"['ὄρος', 'ὄρεοςὄρους']"
['ὀρθό/'],"['ὀρθός', 'ὀρθή', 'ὀρθόν']"
['ὀρθο/'],"['ὀρθόω', 'ὤρθωσα', 'ὡρθώθην']"
['ὁρμά/'],"['ὁρμή', 'ὁρμῆς']"
['ὁρτά/'],"['ὁρτήἑορτή', 'ὁρτῆςἑορτῆς']"
['ὁρταδ/'],"['ὁρταζωἑορτάζω', 'ἑορτάσω', 'ἑώρτασα']"
['ὄρυγματ/'],"['ὄρυγμα', 'ὀρύγματος']"
['διώρυχ/'],"['διῶρυξ', 'διώρυχος']"
['ὅσο/'],"['ὅσος', 'ὅση', 'ὅσον']"
['τοσούτο/'],"['τοσοῦτος', 'τοσαύτη', 'τοσοῦτο']"
"['ὁ/', 'τιν/']","['οὐ', 'οὐκ', 'οὐχ', 'οὐ', 'οὐκ', 'οὐχ']"
['οὐδέν/'],['ὅτε']
['ὀφελ/'],"['ὀφείλω', 'ὀφειλήσω', 'ὠφείλησα', 'ὤφελον', 'ὠφείληκα', 'ὠφειλήθην']"
['πάγα/'],"['πάγη', 'πάγης']"
['πάγο/'],"['πάγος', 'πάγου']"
['πενθε/'],"['πενθέω', 'πενθήσω', 'ἐπένθησα', 'πεπένθηκα']"
['παίδ/'],"['παῖς', 'παιδός']"
['παιδ/'],"['παίζω', 'παίξω', 'ἔπαισα', 'πέπαικα', 'πέπαιγμαι', 'ἐπαίχθην']"
['παίδιο/'],"['παίδιον', 'παιδίου']"
['παιδίσκα/'],"['παιδίσκη', 'παιδίσκης']"
['παλλακά/'],"['παλλακή', 'παλλακῆς']"
['πάντ/'],"['πᾶς', 'πᾶσα', 'πᾶν']"
['παρήϊδ/'],"['παρηΐς', 'παρηΐδος']"
['παταγ/'],"['πατάσσω', 'πατάξω', 'ἐπάταξα', 'πεπάταγμαι', 'ἐπατάχθην']"
['πάταγο/'],"['πάταγος', 'πατάγου']"
['πατε/'],"['πατέω', 'πατήσω', 'ἐπάτησα', 'πεπάτηκα']"
['πατέρ/'],"['πατήρ', 'πατρός']"
['πάτριο/'],"['πάτριος', 'πάτρια', 'πάτριον']"
['παυ/'],"['παύω', 'παυσω', 'ἐπαυσα', 'πεπαυκα', 'πεπαυμαι', 'επαυθην']"
['πειρα/'],"['πειραω', 'πειράσω', 'ἐπείρασα', 'πεπείρακα', 'πεπείραμαι', 'ἐπειράθην']"
['πεμπ/'],"['πεμπω', 'πεμψω', 'ἐπεμψα', 'πεπομφα', 'πεπεμμαι', 'επεμφθην']"
['πέμπτο/'],"['πέμπτος', 'πέμπτη', 'πέμπτον']"
['περαιο/'],"['περαιόω', 'περαιώσω', 'ἐπεραίωσα', 'ἐπεραιώθην']"
['περθ/'],"['πέρθω', 'πέρσω', 'ἔπερσα', 'ἔπραθον']"
"['πετ/', 'πτ/']","['πίπτω', 'πεσέομαι', 'ἔπεσον', 'πέπτωκα']"
['εὐπετέσ/'],"['εὐπετής', 'εὐπετές']"
['πετα/'],"['πέταμαι', 'πτήσομαι', 'ἐπτόμην', 'ἐπτάμην', 'ἔπτην']"
['πετεινό/'],"['πετεινός', 'πετεινά', 'πετεινόν']"
"['προσ/', 'πται/']","['προσπταίω', 'προσπταίσω', 'προσέπταισα', 'προσέπταικα']"
['πήχυ/'],"['πῆχυς', 'πήχεοςπήχους']"
"['πι/', 'πο/']","['πίνω', 'πίομαι', 'ἔπιον', 'πέπωκα', 'πέπομαι', 'ἐπόθην']"
['πόσι/'],"['πόσις', 'πόσιοςπόσεως']"
['ποτό/'],"['ποτόν', 'ποτοῦ']"
['πιθ/'],"['πείθω', 'πείσω', 'ἔπεισα', 'ἔπιθον', 'πέπεικα', 'πέποιθα', 'πέπεισμαι', 'ἐπείσθην']"
['ἄπιστο/'],"['ἄπιστος', 'ἄπιστον']"
['πιθανό/'],"['πιθανός', 'πιθανή', 'πιθανόν']"
['πιστευ/'],"['πιστευω', 'πιστευσω', 'επιστευσα', 'πεπιστευκα', 'πεπιστευμαι', 'επιστευθην']"
['πίστι/'],"['πίστις', 'πίστιοςπίστεως']"
['πιστό/'],"['πιστός', 'πιστή', 'πιστόν']"
['πλε/'],"['πίπλημι', 'πλήσω', 'ἔπλησα', 'πέπληκα', 'πέπλησμαι', 'ἐπλήσθην']"
['πλέον/'],"['πλέων', 'πλείων', 'πλέον', 'πλεῖον']"
['ἐπίπλεο/'],"['ἐπίπλεος', 'ἐπίπλεον']"
['πλείστο/'],"['πλεῖστος', 'πλείστη', 'πλεῖστον']"
['πλήθεσ/'],"['πλῆθος', 'πλήθεοςπλήθους']"
['πληθώρα/'],"['πληθώρηπληθώρα', 'πληθώρηςπληθώρας']"
['πλεϝ/'],"['πλέω', 'πλεύσομαι', 'ἐπλευσα', 'πέπλευκα', 'πέπλευσμαι', 'ἐπλεύσθην']"
['πλοίο/'],"['πλοῖον', 'πλοίου']"
['πλέθρο/'],"['πλέθρον', 'πλέθρου']"
['πληγ/'],"['πλήσσωπλήττω', 'πλήξω', 'ἔπληξα', 'πέπληγα', 'πέπληγμαι', 'ἐπλήγην']"
['πλούτο/'],"['πλοῦτος', 'πλούτου']"
['πόδ/'],"['πούς', 'ποδός']"
['ποδεών/'],"['ποδεών', 'ποδεῶνος']"
['ποιε/'],"['ποιέω', 'ποιήσω', 'ἐποίησα', 'πεποίηκα', 'πεποίημαι', 'ἐποιήθην']"
['ποιητέο/'],"['ποιητέος', 'ποιητέα', 'ποιητέον']"
['ποικίλο/'],"['ποικίλος', 'ποικίλη', 'ποικίλον']"
['ποιμέν/'],"['ποιμήν', 'ποιμένος']"
['πόλεμο/'],"['πόλεμος', 'πολέμου']"
['πολέμιο/'],"['πολέμιος', 'πολεμίηπολεμία', 'πολέμιον']"
['πόλι/'],"['πόλις', 'πόλιοςπόλεως']"
['πολίτα/'],"['πολίτης', 'πολίτου']"
['πόνο/'],"['πόνος', 'πόνου']"
['πόρο/'],"['πόρος', 'πόρου']"
['ἀπορε/'],"['απορεω', 'απορησω', 'ηπορησα', 'ηπορηκα', 'ηπορημαι', 'ηπορηθην']"
['πορευ/'],"['πορεύω', 'πορεύσω', 'ἐπόρευσα', 'πεπόρευκα', 'πεπόρευμαι', 'ἐπορεύθην']"
['ποταμό/'],"['ποταμός', 'ποταμοῦ']"
['ὁπότερο/'],"['ὁπότερος', 'ὁποτέρηὁποτέρα', 'ὁπότερον']"
['πραγ/'],['πρηγ']
['πρέσβυ/'],"['πρέσβυς', 'πρέσβεοςπρέσβεως']"
['πρεσβῦτιδ/'],"['πρεσβῦτις', 'πρεσβύτιδος']"
['πρηϋν/'],"['πρηΰνωπραΰνω', 'ἐπρήϋναἐπράϋνα', 'ἐπρηΰνθηνἐπραΰνθην']"
['πρηγ/'],"['πρήσσω', 'πρήξω', 'ἔπρηξα', 'πέπρηχα', 'πέπρηγα', 'πέπρηγμαι', 'ἐπρήχθην']"
['πραγ/'],"['πράττω', 'πράξω', 'ἔπραξα', 'πέπραχα', 'πέπραγα', 'πέπραγμαι', 'ἐπράχθην']"
['πρᾶξι/'],"['πρᾶξις', 'πράξιοςπράξεως']"
['πρήγματ/'],"['πρῆγμαπρᾶγμα', 'πρήγματοςπράγματος']"
['πρότερο/'],"['πρότερος', 'προτέρηπροτέρα', 'πρότερον']"
['προτεραία/'],"['προτεραίηπροτεραία', 'προτεραίηςπροτεραίας']"
['πρώτο/'],"['πρῶτος', 'πρώτη', 'πρῶτον']"
['προπύλαιο/'],"['προπύλαιον', 'προπυλαίου']"
['προσκυνε/'],"['προσκυνέω', 'προσκυνήσω', 'προσεκύνησα', 'προσκεκύνηκα', 'προσκεκύνημαι', 'προσεκυνήθην']"
['πυθ/'],"['πυνθάνομαι', 'πεύσομαι', 'ἐπυθόμην', 'πέπυσμαι']"
['Πυθία/'],"['ΠυθίηΠυθία', 'ΠυθίηςΠυθίας']"
['πυκνό/'],"['πυκνός', 'πυκνή', 'πυκνόν']"
['πῦρ/'],"['πῦρ', 'πυρός']"
['πυραμίδ/'],"['πυραμίς', 'πυραμίδος']"
['ῥαΐδιο/'],['ῥηΐδιο']
['ῥαπιδ/'],['ῥαπίζω']
['ῥάχι/'],"['ῥάχις', 'ῥάχιοςῥάχεως']"
['ῥεϝ/'],"['ρεω', 'ρυησομαι', 'ερρυηκα', 'ερρυην']"
['ῥηΐδιο/'],"['ῥηΐδιοςῥᾴδιος', 'ῥηϊδίηῥᾳδία', 'ῥηΐδιονῥᾴδιον']"
['ῥυ/'],"['ῥύομαι', 'ῥύσομαι', 'ἐρρυσάμην']"
['ῥώμα/'],"['ῥώμη', 'ῥώμης']"
['σαφέσ/'],"['σαφής', 'σαφές']"
['σβε/'],"['σβέννυμι', 'σβέσω', 'ἔσβεσα', 'ἔσβην', 'ἔσβηκα', 'ἐσβέσθην']"
['σό/'],"['σόος', 'σόη', 'σόον']"
['σημαν/'],"['σημαίνω', 'σημανέω', 'ἐσήμηνα', 'σεσήμαγκα', 'σεσήμασμαι', 'ἐσημάνθην']"
['σήμαντρο/'],"['σήμαντρον', 'σημάντρου']"
['σίδηρο/'],"['σίδηρον', 'σιδήρου']"
['σιδήριο/'],"['σιδήριος', 'σιδήρια', 'σιδήριον']"
['σίτιο/'],"['σίτιον', 'σιτίου']"
['σιωπά/'],"['σιωπή', 'σιωπῆς']"
['σιωπα/'],"['σιωπάω', 'σιωπήσομαι', 'ἐσιώπησα', 'σεσιώπηκα', 'σεσιώπημαι', 'ἐσιωπήθην']"
['σκεδα/'],"['σκεδάννυμι', 'σκεδάσω', 'ἐσκέδασα', 'ἐσκέδασμαι', 'ἐσκεδάσθην']"
"['δια/', 'σκεδα/']",['σκεπ']
['κατάσκοπο/'],"['κατάσκοπος', 'κατασκόπου']"
['σκέπα/'],"['σκέπη', 'σκέπης']"
['σκευαδ/'],"['σκευάζω', 'σκευάσω', 'ἐσκεύασα', 'ἐσκεύακα', 'ἐσκεύασμαι', 'ἐσκευάσθην']"
['σκηπ/'],"['σκήπτω', 'σκήψω', 'ἔσκηψα', 'ἔσκηφα', 'ἔσκημμαι', 'ἐσκήφθην']"
['σκιά/'],"['σκιήσκιά', 'σκιῆςσκιᾶς']"
['σκόροδο/'],"['σκόροδον', 'σκορόδου']"
['σκότεσ/'],"['σκότος', 'σκότεοςσκότους']"
['σκυτάλα/'],"['σκυτάλη', 'σκυτάλης']"
['σκωπ/'],"['σκωπτω', 'σκώψομαι', 'ἔσκωψα', 'ἐσκώφθην']"
['σόο/'],"['σόοςσῶς', 'σόησῶς', 'σόονσῶν']"
['σώφρον/'],"['σώφρων', 'σῶφρον']"
['σοφό/'],"['σοφός', 'σοφή', 'σοφόν']"
['σπα/'],"['σπάω', 'σπάσω', 'ἔσπασα', 'ἔσπακα', 'ἔσπασμαι', 'ἐσπάσθην']"
['ἀσπαδ/'],"['ἀσπάζομαι', 'ἀσπάσομαι', 'ἠσπασάμην']"
['σπερχ/'],"['σπέρχω', 'σπέρξομαι', 'ἐσπερξάμην', 'ἐσπέρχθην']"
['σπονδά/'],"['σπονδή', 'σπονδῆς']"
['στα/'],"['ἵστημι', 'στήσω', 'ἔστησα', 'ἔστην', 'ἕστηκα', 'ἕσταμαι', 'ἐστάθην']"
['ἀνάστατο/'],"['ἀνάστατος', 'ἀνάστατον']"
['σταθμό/'],"['σταθμός', 'σταθμοῦ']"
['στάδιο/'],"['στάδιον', 'σταδίου']"
['στεινό/'],"['στεινόςστενός', 'στεινήστενή', 'στεινόνστενόν']"
['στελ/'],"['στελλω', 'στελεω', 'ἐστειλα', 'ἔσταλκα', 'ἐσταλμαι', 'εσταλην']"
['στενό/'],['στεινό']
['στήλα/'],"['στήλη', 'στήλης']"
['στοίχο/'],"['στοῖχος', 'στοίχου']"
['στόματ/'],"['στόμα', 'στόματος']"
['στρατό/'],"['στρατός', 'στρατοῦ']"
['στρατευ/'],"['στρατευω', 'στρατευσω', 'εστρατευσα', 'εστρατευκα', 'εστρατευμαι']"
['στρατηγό/'],"['στρατηγός', 'στρατηγοῦ']"
['στρατία/'],"['στρατίηστρατία', 'στρατίηςστρατίας']"
['στρεφ/'],"['στρεφω', 'στρεψω', 'ἐστρεψα', 'ἐστραμμαι', 'εστρεφθην', 'εστραφην']"
['συρμαία/'],"['συρμαίησυρμαία', 'συρμαίηςσυρμαίας']"
['σχιδ/'],"['σχίζω', 'σχίσω', 'ἔσχισα', 'ἔσχισμαι']"
['σωιδ/'],"['σῴζω', 'σώσω', 'σῴσω', 'ἔσωσα', 'ἔσῳσα', 'σέσωκα', 'σέσωμαι', 'σέσῳσμαι', 'ἐσώθην']"
['σώματ/'],"['σῶμα', 'σώματος']"
['ταγ/'],"['τασσωταττω', 'ταξω', 'ἐταξα', 'τεταχα', 'τεταγμαι', 'εταχθην']"
['τάξι/'],"['τάξις', 'τάξιοςτάξεως']"
['ταμία/'],"['ταμίηςταμίας', 'ταμίου']"
['ταραχ/'],"['ταράσσωταράττω', 'ταράξω', 'ἐτάραξα', 'τέτρηχα', 'τετάραγμαι', 'ἐταράχθην']"
['ταύρο/'],"['ταῦρος', 'ταύρου']"
['τάχεσ/'],"['τάχος', 'τάχεοςτάχους']"
['τάχιστο/'],"['τάχιστος', 'ταχίστη', 'τάχιστον']"
['τείχεσ/'],"['τεῖχος', 'τείχεοςτείχους']"
['τοίχο/'],"['τοῖχος', 'τοίχου']"
['τεκμήριο/'],"['τεκμήριον', 'τεκμηρίου']"
"['τελ/', 'τελε/']","['τέλλω', 'τελέω', 'τελέω', 'ἔτειλα', 'ἐτέλεσα', 'τετέλεκα', 'τέταλμαι', 'τετέλεσμαι', 'ἐτελέσθην']"
"['ἐπι/', 'τελ/']",['τέλειο']
['τέλεσ/'],"['τέλος', 'τέλεοςτέλους']"
['τελευτά/'],"['τελευτή', 'τελευτῆς']"
['τελευτα/'],"['τελευτάω', 'τελευτήσω', 'ἐτελεύτησα', 'τετελεύτηκα', 'τετελεύτημαι', 'ἐτελευτήθην']"
['τελευταίο/'],"['τελευταῖος', 'τελευταία', 'τελευταῖον']"
['τεμ/'],"['τεμνω', 'τεμεω', 'ἐτεμον', 'ἐταμον', 'τετμηκα', 'τετμημαι', 'ετμηθην']"
['σύντομο/'],"['σύντομος', 'σύντομον']"
['τεν/'],"['τένω', 'τενέω', 'ἔτεινα', 'τέτακα', 'τέταμαι', 'ἐτάθην']"
['τέσσαρ/'],"['τέσσαρεςτέτταρες', 'τέσσαρατέτταρα']"
['τετράγωνο/'],"['τετράγωνος', 'τετράγωνον']"
['τέτταρ/'],['τέσσαρ']
['τέχνα/'],"['τέχνη', 'τέχνης']"
['τεχναδ/'],"['τεχνάζω', 'ἐτεχνασάμην', 'τετέχνασμαι']"
['τεχνα/'],"['τεχνάομαι', 'τεχνήσομαι', 'ἐτεχνησάμην', 'τετέχνημαι']"
['τηρε/'],"['τηρέω', 'τηρήσω', 'ἐτήρησα', 'τετήρηκα', 'τετήρημαι', 'ἐτηρήθην']"
['ἀτιμία/'],"['ἀτιμίηἀτιμία', 'ἀτιμίηςἀτιμίας']"
['ἄτιμο/'],"['ἄτιμος', 'ἄτιμον']"
['τιμά/'],"['τιμή', 'τιμῆς']"
['τίμηματ/'],"['τίμημα', 'τιμήματος']"
['τιμωρε/'],"['τιμωρέω', 'τιμωρήσω', 'ἐτιμώρησα', 'τετιμώρηκα', 'τετιμώρημαι', 'ἐτιμωρήθην']"
['τιμωρία/'],"['τιμωρίητιμωρία', 'τιμωρίηςτιμωρίας']"
['τικ/'],"['τίκτω', 'τέξομαι', 'ἔτεκον', 'τέτοκα']"
['τέκνο/'],"['τέκνον', 'τέκνου']"
['ὁ/'],"['ὅστις', 'ὅ', 'τι']"
['ὁ/'],"['ὁστισοῦν', 'ὁτιοῦν']"
['τιτθό/'],"['τιτθός', 'τιτθοῦ']"
['τλα/'],"['τλάω', 'τλήσομαι', 'ἔτλην', 'τέτληκα']"
['τάλαντο/'],"['τάλαντον', 'ταλάντου']"
['τολμά/'],"['τόλμη', 'τόλμης']"
['τολμα/'],"['τολμάω', 'τολμήσω', 'ἐτόλμησα', 'τετόλμηκα', 'τετόλμημαι', 'ἐτολμήθην']"
['τραύματ/'],['τρώματ']
['τρεπ/'],"['τρεπω', 'τρεψω', 'ἐτρεψα', 'ἐτραπον', 'τετροφα', 'τετραμμαι', 'ετρεφθην', 'ετραπην']"
['ἀτραπό/'],"['ἀτραπός', 'ἀτραποῦ']"
['τρόπο/'],"['τρόπος', 'τρόπου']"
"['τρεφ/', 'θρεφ/']","['τρεφω', 'θρεψω', 'ἐθρεψα', 'τετροφα', 'τεθραμμαι', 'ετρεφθην', 'ετραφην']"
['τρεχ/'],['δραμ']
['τρηχύ/'],"['τρηχύςτραχύς', 'τρηχεῖατραχεῖα', 'τρηχύτραχύ']"
['τρί/'],"['τρεῖς', 'τρία']"
['τριηκόσιο/'],"['τριηκόσιοιτριακόσιοι', 'τριηκόσιαιτριακόσιαι', 'τριηκόσιατριακόσια']"
['τρισχίλιο/'],"['τρισχίλιοι', 'τρισχίλιαι', 'τρισχίλια']"
['τρίτο/'],"['τρίτος', 'τρίτη', 'τρίτον']"
['τριβ/'],"['τρίβω', 'τρίψω', 'ἔτριψα', 'τέτριφα', 'τέτριμμαι', 'ἐτρίφθην']"
['χρονοτριβε/'],['χρονοτριβέω']
['τρώματ/'],"['τρῶματραῦμα', 'τρώματοςτραύματος']"
['τυρό/'],"['τυρός', 'τυροῦ']"
['τυχ/'],"['τυγχανω', 'τευξομαι', 'ἐτυχον', 'τετυχηκα']"
['τόξευματ/'],"['τόξευμα', 'τοξεύματος']"
['ὑβριδ/'],"['ὑβρίζω', 'ὑβριέω', 'ὕβρισα', 'ὕβρικα', 'ὕβρισμαι', 'ὑβρίσθην']"
"['ὕδατ/', 'ὕδορ/']","['ὕδωρ', 'ὕδατος']"
['ὕστερο/'],"['ὕστερος', 'ὑστέρηὑστέρα', 'ὕστερον']"
['ὑπερῶιο/'],"['ὑπερῷον', 'ὑπερῴου']"
['ὕπνο/'],"['ὕπνος', 'ὕπνου']"
['ὑστεραία/'],"['ὑστεραίηὑσετεραία', 'ὑστεραίηςὑστεραίας']"
['ὑφαν/'],"['ὑφαίνω', 'ὑφανέω', 'ὕφηνα', 'ὕφασμαι', 'ὑφάνθην']"
['ὕψεσ/'],"['ὕψος', 'ὕψεοςὕψους']"
['ὑψηλό/'],"['ὑψηλός', 'ὑψηλή', 'ὑψηλόν']"
['πρόφασι/'],"['πρόφασις', 'προφάσιοςπροφάσεως']"
['φαν/'],"['φαινω', 'φανεω', 'ἐφηνα', 'πεφηνα', 'πεφασμαι', 'εφανην', 'εφανθην']"
['φανερό/'],"['φανερός', 'φανερήφανερά', 'φανερόν']"
['φᾶρεσ/'],"['φᾶρος', 'φάρεοςφάρεως']"
['φειδωλό/'],"['φειδωλός', 'φειδωλή', 'φειδωλόν']"
['φερ/'],"['φερω', 'οἰσω', 'ἤνεικονἠνεγκον', 'ἤνεικαἠνεγκα', 'ενηνοχα', 'ἐνήνειγμαιενηνεγμαι', 'ἠνείχθηνηνεχθην']"
['διαφορά/'],"['διαφορήδιαφορά', 'διαφορῆςδιαφορᾶς']"
['φορε/'],"['φορέω', 'φορήσω', 'ἐφόρησα', 'πεφόρημαι', 'ἐφορήθην']"
['φώρ/'],"['φῶρ', 'φωρός']"
['αὐτόφωρο/'],"['αὐτόφωρος', 'αὐτόφωρον']"
['φθερ/'],"['φθειρω', 'φθερεω', 'ἔφθειρα', 'ἔφθαρκα', 'ἔφθορα', 'ἔφθαρμαι', 'ἐφθάρην']"
['φθι/'],"['φθίνω', 'φθίσω', 'ἔφθισα', 'ἔφθικα', 'ἔφθιμαι', 'ἐφθίθην']"
['φίλο/'],"['φίλος', 'φίλη', 'φίλον']"
['φιλόφρονο/'],"['φιλόφρονος', 'φιλόφρονον']"
['φοιτα/'],"['φοιτάω', 'φοιτήσω', 'ἐφοίτησα', 'πεφοίτηκα']"
['φόνο/'],"['φόνος', 'φόνου']"
['πρόσφατο/'],"['πρόσφατος', 'πρόσφατον']"
['φραγ/'],['φράγνυμι']
['φραδ/'],"['φραζω', 'φρασω', 'ἐφρασα', 'πεφρακα', 'πεφρασμαι', 'εφρασθην']"
['φρονε/'],"['φρονέω', 'φρονήσω', 'ἐφρόνησα', 'πεφρόνηκα', 'πεφρόνημαι', 'ἐφρονήθην']"
"['ὁμο/', 'φρονε/']",['πολυφροσύνα']
['σωφρονε/'],"['σωφρονεω', 'σωφρονησω', 'εσωφρονησα', 'σεσωφρονηκα', 'σεσωφρονημαι']"
['φιλόφρον/'],"['φιλόφρων', 'φιλόφρον']"
['φρουρε/'],"['φρουρέω', 'φρουρήσω', 'ἐφρούρησα', 'πεφρούρηκα', 'πεφρούρημαι', 'ἐφρουρήθην']"
['φυγ/'],"['φευγω', 'φευξομαι', 'ἐφυγον', 'πεφευγα']"
['φυλά/'],"['φυλή', 'φυλῆς']"
['ὀμόφυλο/'],"['ὀμόφυλος', 'ὀμόφυλον']"
['φυλακ/'],"['φυλάσσωφυλαττω', 'φυλαξω', 'εφυλαξα', 'πεφυλαχα', 'πεφυλαγμαι', 'εφυλαχθην']"
['φυλακά/'],"['φυλακή', 'φυλακῆς']"
['φύλακο/'],"['φύλακος', 'φυλάκου']"
['φύλλο/'],"['φύλλον', 'φύλλου']"
['φώρ/'],['Χ']
['χαλεπό/'],"['χαλεπός', 'χαλεπή', 'χαλεπόν']"
['χαρ/'],"['χαιρω', 'χαιρησω', 'κεχαρηκα', 'ἐχάρην']"
['χάριεν/'],"['χαρίεις', 'χαρίεσσα', 'χαρίεν']"
['περιχαρέσ/'],"['περιχαρής', 'περιχαρές']"
['χεϝ/'],"['χέω', 'χέω', 'ἔχεα', 'κέχυκα', 'κέχυμαι', 'ἐχύθην']"
"['κατα/', 'χο/']","['καταχόω', 'καταχώσω', 'κατέχωσα', 'κατακέχωκα', 'κατακέχωσμαι', 'κατεχώσθην']"
['χειμών/'],"['χειμών', 'χειμῶνος']"
['χείρ/'],"['χείρ', 'χειρός', 'χερσί']"
"['ἐπι/', 'χειρε/']","['ἐπιχειρέω', 'ἐπιχειρήσω', 'ἐπεχείρησα', 'ἐπικεχείρηκα', 'ἐπικεχείρημαι', 'ἐπεχειρήθην']"
['χερσαίο/'],"['χερσαῖος', 'χερσαία', 'χερσαῖον']"
['χίλιο/'],"['χίλιος', 'χιλίηχιλία', 'χίλιον']"
['χιλιάδ/'],"['χιλιάς', 'χιλιάδος']"
['χλωρό/'],"['χλωρός', 'χλωρήχλωρά', 'χλωρόν']"
['χρα/'],"['χράω', 'χρήσω', 'ἔχρησα', 'κέκρηκα', 'κέχρησμαι', 'ἐχρήσθην']"
['χρα/'],"['χραομαι', 'χρησομαι', 'εχρησαμην', 'κεχρημαι', 'εχρησθην']"
['χρήματ/'],"['χρῆμα', 'χρήματος']"
['χρηστό/'],"['χρηστός', 'χρηστή', 'χρηστόν']"
['χρόνο/'],"['χρόνος', 'χρόνου']"
['χρύσεο/'],"['χρύσεοςχρυσοῦς', 'χρυσέηχρυσῆ', 'χρύσεονχρυσοῦν']"
['χώρο/'],"['χῶρος', 'χώρου']"
['ἐπιχώριο/'],"['ἐπιχώριος', 'ἐπιχώριον']"
['χώρα/'],"['χώρηχώρα', 'χώρηςχώρας']"
['χωρε/'],"['χωρέω', 'χωρήσω', 'ἐχώρησα', 'κεχώρηκα', 'κεχώρημαι', 'ἐχωρήθην']"
['χωρίο/'],"['χωρίον', 'χωρίου']"
['ψευδ/'],"['ψεύδω', 'ψεύσω', 'ἔψευσα', 'ἔψευσμαι', 'ἐψεύσθην']"
['ψευστά/'],"['ψευστής', 'ψευστοῦ']"
['ψήφο/'],"['ψῆφος', 'ψήφου']"
['ψηφιδ/'],"['ψηφίζω', 'ψηφίσομαιψηφιέομαι', 'ἐψήφισα', 'ἐψήφικα', 'ἐψήφισμαι', 'ἐψηφίσθην']"
['ψιμυθιο/'],"['ψιμυθιόω', 'ψιμυθιώσω', 'ἐψιμυθίωμαι']"
['ψόφο/'],"['ψόφος', 'ψόφου']"
['ψοφε/'],"['ψοφέω', 'ψοφήσω', 'ἐψόφησα', 'ἐψοφηκα']"
['ψυχά/'],"['ψυχή', 'ψηχῆς']"
['ὠθισμό/'],"['ὠθισμός', 'ὠθισμοῦ']"
['ὤμο/'],"['ὦμος', 'ὤμου']"
